Database Size,Probability of Bases,Motif Size,Motif,Motif Occurrences,Time to Find Motif,Entropy
1000,0.25,0.25,0.25,0.25,5,GCCTT,1,36 ms,0.5
1000,0.25,0.25,0.25,0.25,5,CGCAG,1,30 ms,1.0
1000,0.25,0.25,0.25,0.25,5,GGAAT,1,15 ms,1.5
1000,0.25,0.25,0.25,0.25,10,TAATAAATGC,1,8 ms,0.5
1000,0.25,0.25,0.25,0.25,10,TCGGGGGGCT,1,11 ms,1.0
1000,0.25,0.25,0.25,0.25,10,TGACGTTTTC,1,11 ms,1.5
1000,0.25,0.25,0.25,0.25,5,AAGTC,1,78 ms,0.5
1000,0.25,0.25,0.25,0.25,5,ATCTC,1,57 ms,1.0
1000,0.25,0.25,0.25,0.25,5,CAGAA,1,27 ms,1.5
1000,0.25,0.25,0.25,0.25,10,TGCGCTGAAC,1,80 ms,0.5
1000,0.25,0.25,0.25,0.25,10,ATCTACCAGT,1,66 ms,1.0
1000,0.25,0.25,0.25,0.25,10,GCTCAGAGAT,1,30 ms,1.5
500000,0.25,0.25,0.25,0.25,5,GACCA,1,1181 ms,0.5
500000,0.25,0.25,0.25,0.25,5,ACGTT,1,948 ms,1.0
500000,0.25,0.25,0.25,0.25,5,TCCAC,1,858 ms,1.5
500000,0.25,0.25,0.25,0.25,10,CCGCAAGGGC,1,670 ms,0.5
500000,0.25,0.25,0.25,0.25,10,CAAGTTTACT,1,691 ms,1.0
500000,0.25,0.25,0.25,0.25,10,TGGGCGGAGT,1,689 ms,1.5
500000,0.25,0.25,0.25,0.25,5,CGCTA,1,1498 ms,0.5
500000,0.25,0.25,0.25,0.25,5,TCGCT,1,1535 ms,1.0
500000,0.25,0.25,0.25,0.25,5,CTATT,1,1466 ms,1.5
500000,0.25,0.25,0.25,0.25,10,CAGAGATCGA,1,2557 ms,0.5
500000,0.25,0.25,0.25,0.25,10,AGGTCGACGG,1,2622 ms,1.0
500000,0.25,0.25,0.25,0.25,10,ATGAGGCCAC,1,2655 ms,1.5
